upr	const	fluct
30000000	0.016500	0.019250
100000000	0.014300	0.010725
99999999999	0.011000	0.008140
