upr	const	fluct
10000000	0.01540	0.00000
30000000	0.01430	0.00000
100000000	0.01100	0.00000
300000000	0.00880	0.00000
500000000	0.00660	0.00000
99999999999	0.00429	0.00000
