upr	const	fluct
20000000	0.01650	0.01320
50000000	0.01485	0.01155
100000000	0.01430	0.01100
300000000	0.01265	0.00935
500000000	0.01100	0.00770
99999999999	0.00770	0.00440
