upr	const	fluct
50000000	0.013200	0.00000
100000000	0.010450	0.00000
300000000	0.007700	0.00000
500000000	0.004950	0.00000
1000000000	0.003575	0.00000
99999999999	0.002200	0.00000
