upr	const	fluct
50000000	0.01540	0.00000
100000000	0.01265	0.00000
300000000	0.00990	0.00000
500000000	0.00715	0.00000
99999999999	0.00440	0.00000

