upr	const	fluct
20000000	0.01540	0.01023
40000000	0.01430	0.00880
100000000	0.01320	0.00770
99999999999	0.01100	0.00605
