upr	const	fluct
50000000	0.022000	0.016500
100000000	0.020900	0.015400
99999999999	0.018700	0.013200
