upr	const	fluct
30000000	0.015400	0.013200
100000000	0.014300	0.012375
500000000	0.011000	0.009350
99999999999	0.007700	0.006325
