upr	const	fluct
50000000	0.01650	0.01122
100000000	0.01375	0.00935
300000000	0.01100	0.00308
99999999999	0.00825	0.00231
